{
    "matang": {
        "H": 171.99962281942481,
        "S": 109.59080622347949,
        "V": 102.26515794436587
    },
    "setengah_matang": {
        "H": 16.213793103448275,
        "S": 164.43931930138825,
        "V": 237.3476041200179
    },
    "belum_matang": {
        "H": 77.7751126314033,
        "S": 56.27085766727849,
        "V": 120.71283163690973
    }
}