{
    "matang": {
        "H": 144.8784815211569,
        "S": 55.62303606498839,
        "V": 160.38830119621494
    },
    "setengah_matang": {
        "H": 20.714773025452637,
        "S": 140.8236683285227,
        "V": 234.1253214379428
    },
    "belum_matang": {
        "H": 69.287889246817,
        "S": 62.8339085749348,
        "V": 114.03244362632306
    }
}